-- Migración de datos: Control de Producción (proyecto viejo) → tablas prod_*
-- Generado automáticamente. Ejecutar UNA sola vez en el SQL Editor de Supabase,
-- después de schema_fase3.sql.
begin;
insert into prod_prendas (id, nombre, consumo_metros, costo_maquila, precio_venta_local, precio_venta_online, lleva_estampado, tallas, notas, legacy_id) values ('825b4320-3996-4986-ac85-bb550994773f', 'camiseta basica', 1, 0.8, 28.67, 20, true, '{"XS","S","M","L","XL"}', '', '1779297110958.533');
insert into prod_prendas (id, nombre, consumo_metros, costo_maquila, precio_venta_local, precio_venta_online, lleva_estampado, tallas, notas, legacy_id) values ('5aa6b7ab-dac7-401c-b82d-80768b2b5ffc', 'Hoddie mujer', 1.1, 1.5, 35.05, 30, false, '{"S","M","L"}', '', '1779301604144.5327');
insert into prod_prendas (id, nombre, consumo_metros, costo_maquila, precio_venta_local, precio_venta_online, lleva_estampado, tallas, notas, legacy_id) values ('aeab645a-8253-4ea2-99f7-cf974adeb926', 'Enteriso mujer blusa', 0.75, 1, 21.95, 20, false, '{"XS","S","M","L"}', '', '1782746594133.3247');
insert into prod_prendas (id, nombre, consumo_metros, costo_maquila, precio_venta_local, precio_venta_online, lleva_estampado, tallas, notas, legacy_id) values ('cb4d85ee-482a-4e1d-ad86-8b38e9a9830e', 'Conjunto mujer pantalón', 1.1, 1.5, 36.95, 25, false, '{"XS","S","M","L"}', '', '1782746634088.622');
insert into prod_prendas (id, nombre, consumo_metros, costo_maquila, precio_venta_local, precio_venta_online, lleva_estampado, tallas, notas, legacy_id) values ('b3b1eb70-5b7c-472a-99dc-5c37e9be4340', 'Camiseta cuello chino', 0.75, 0.75, 19.76, 24, false, '{"XS","S","M","L","XL"}', '', '1782747424507.4734');
insert into prod_prendas (id, nombre, consumo_metros, costo_maquila, precio_venta_local, precio_venta_online, lleva_estampado, tallas, notas, legacy_id) values ('c939ab43-4d01-46b6-b3b0-5a26e91291a8', 'Buzo cuello chino', 1, 1, 28, 25, false, '{"XS","S","M","L","XL"}', '', '1782747644196.7935');
insert into prod_prendas (id, nombre, consumo_metros, costo_maquila, precio_venta_local, precio_venta_online, lleva_estampado, tallas, notas, legacy_id) values ('558bafc7-09bd-4f11-8d6f-310328156a44', 'conjunto mujer pant y bluza', 2, 1.85, 62.95, 50, false, '{"XS","S","M","L","XL"}', '', '1782750148874.0732');
insert into prod_proveedores (id, empresa, contacto_nombre, contacto, dias_entrega, legacy_id) values ('42721d37-ac75-4b70-a231-7c55f1e478f4', 'Pat Primo', 'Dalida', '099605', 2, '1779297132826.4988');
insert into prod_proveedores (id, empresa, contacto_nombre, contacto, dias_entrega, legacy_id) values ('fe82ea88-8f65-4eb0-bc22-391a9f57f69a', 'Franco abril', 'Franco abril', '0999', 3, '1779301623106.3452');
insert into prod_proveedores (id, empresa, contacto_nombre, contacto, dias_entrega, legacy_id) values ('92b81361-c37b-401b-99b0-9d32ff9a0b73', 'Pat primo', 'Dalida Pat primo', '+593 99-739-1980', 20, '1782747467462.6484');
insert into prod_costos_fijos (nombre, valor, legacy_id) values ('corte', 0.24, '1779297316537.945');
insert into prod_costos_fijos (nombre, valor, legacy_id) values ('etiqeuta', 0.2, '1779297391439.11');
insert into prod_costos_fijos (nombre, valor, legacy_id) values ('inusmos', 0.1, '1779297398849.3242');
insert into prod_pedidos_tela (id, nombre_tela, fecha_pedido, unidad, rendimiento, ancho_pedido, ancho_real, proveedor_id, prenda_id, colores, total_metros, valor_metro, total_pagar, estado, fecha_entrega_real, legacy_id) values ('9cd07b48-fbe1-48bd-8e58-a94922e60bfb', 'cotonne', '2026-05-20', 'kilos', 2.9, 150, 1.05, '42721d37-ac75-4b70-a231-7c55f1e478f4', '825b4320-3996-4986-ac85-bb550994773f', '[{"color":"negro","metros":31.9,"kilos":11},{"color":"blanco","metros":58,"kilos":20},{"color":"cafe","metros":31.9,"kilos":11},{"color":"verde","metros":23.2,"kilos":8}]'::jsonb, 145, 5.35, 775.75, 'entregado', '2026-05-20', '1779297287388.653');
insert into prod_pedidos_tela (id, nombre_tela, fecha_pedido, unidad, rendimiento, ancho_pedido, ancho_real, proveedor_id, prenda_id, colores, total_metros, valor_metro, total_pagar, estado, fecha_entrega_real, legacy_id) values ('4a8a609c-1833-4ffd-aac5-72bce004d787', 'Fless', '2026-05-14', 'kilos', 1.77, 1.05, 1.05, 'fe82ea88-8f65-4eb0-bc22-391a9f57f69a', '5aa6b7ab-dac7-401c-b82d-80768b2b5ffc', '[{"color":"Negro","metros":15.0804,"kilos":8.52},{"color":"Crudo","metros":15.0804,"kilos":8.52},{"color":"Kaki","metros":14.691,"kilos":8.3},{"color":"Rosa","metros":13.3104,"kilos":7.52},{"color":"Avena","metros":14.1246,"kilos":7.98},{"color":"Celeste","metros":15.1335,"kilos":8.55}]'::jsonb, 87.4203, 6.5, 568.23195, 'entregado', '2026-05-15', '1779301976674.44');
insert into prod_pedidos_tela (id, nombre_tela, fecha_pedido, unidad, rendimiento, ancho_pedido, ancho_real, proveedor_id, prenda_id, colores, total_metros, valor_metro, total_pagar, estado, fecha_entrega_real, legacy_id) values ('57c08358-308d-42fa-a257-35ae68ac8c06', 'daimond', '2026-06-29', 'metros', null, 180, null, '42721d37-ac75-4b70-a231-7c55f1e478f4', null, '[{"color":"negro 10","metros":20},{"color":"blanco 10184","metros":20},{"color":"cafe 80438","metros":20},{"color":"verde 6589","metros":15}]'::jsonb, 75, 4.61, 345.75, 'pendiente', null, '1782749499633.974');
insert into prod_pedidos_tela (id, nombre_tela, fecha_pedido, unidad, rendimiento, ancho_pedido, ancho_real, proveedor_id, prenda_id, colores, total_metros, valor_metro, total_pagar, estado, fecha_entrega_real, legacy_id) values ('da36f5fa-2d8f-49ba-abf9-771fb5ddfe67', 'cottone', '2026-06-29', 'kilos', 2.9, 150, null, '92b81361-c37b-401b-99b0-9d32ff9a0b73', '825b4320-3996-4986-ac85-bb550994773f', '[{"color":"negro","metros":29,"kilos":10},{"color":"blanco","metros":29,"kilos":10},{"color":"cafe","metros":29,"kilos":10},{"color":"verde","metros":23.2,"kilos":8}]'::jsonb, 110.2, 4.78, 526.7560000000001, 'pendiente', null, '1782749738804.235');
insert into prod_pedidos_tela (id, nombre_tela, fecha_pedido, unidad, rendimiento, ancho_pedido, ancho_real, proveedor_id, prenda_id, colores, total_metros, valor_metro, total_pagar, estado, fecha_entrega_real, legacy_id) values ('64de7626-62bb-4132-9875-ed0e7883016f', 'dornella', '2026-06-29', 'kilos', 2.6, 180, null, '92b81361-c37b-401b-99b0-9d32ff9a0b73', 'b3b1eb70-5b7c-472a-99dc-5c37e9be4340', '[{"color":"negro","metros":26,"kilos":10},{"color":"blanco","metros":20.8,"kilos":8},{"color":"verde","metros":26,"kilos":10}]'::jsonb, 72.8, 5.18, 377.104, 'pendiente', null, '1782750018096.7952');
insert into prod_pedidos_tela (id, nombre_tela, fecha_pedido, unidad, rendimiento, ancho_pedido, ancho_real, proveedor_id, prenda_id, colores, total_metros, valor_metro, total_pagar, estado, fecha_entrega_real, legacy_id) values ('94edec5f-d0e8-4ff0-a0b2-728384997ae8', 'urbans', '2026-06-29', 'kilos', 2.1, 160, null, '92b81361-c37b-401b-99b0-9d32ff9a0b73', '558bafc7-09bd-4f11-8d6f-310328156a44', '[{"color":"negro","metros":25.2,"kilos":12},{"color":"vino","metros":21,"kilos":10},{"color":"cafe","metros":25.2,"kilos":12}]'::jsonb, 71.4, 5.06, 361.284, 'pendiente', null, '1782751134913.255');
insert into prod_pedidos_tela (id, nombre_tela, fecha_pedido, unidad, rendimiento, ancho_pedido, ancho_real, proveedor_id, prenda_id, colores, total_metros, valor_metro, total_pagar, estado, fecha_entrega_real, legacy_id) values ('c7d79be2-f50a-45b4-b01c-8d586604dfb2', 'nayara', '2026-06-29', 'kilos', 2, 140, null, '92b81361-c37b-401b-99b0-9d32ff9a0b73', '558bafc7-09bd-4f11-8d6f-310328156a44', '[{"color":"negro","metros":16,"kilos":8},{"color":"vino","metros":16,"kilos":8},{"color":"cafe","metros":16,"kilos":8},{"color":"beige","metros":16,"kilos":8}]'::jsonb, 64, 6.75, 432, 'pendiente', null, '1782751619637.6877');
insert into prod_pedidos_tela (id, nombre_tela, fecha_pedido, unidad, rendimiento, ancho_pedido, ancho_real, proveedor_id, prenda_id, colores, total_metros, valor_metro, total_pagar, estado, fecha_entrega_real, legacy_id) values ('ee6cacc3-d2ae-42cb-ae1e-aeda1693ab4e', 'apolonias', '2026-06-29', 'kilos', 2.3, 1.45, null, '92b81361-c37b-401b-99b0-9d32ff9a0b73', 'cb4d85ee-482a-4e1d-ad86-8b38e9a9830e', '[{"color":"negro","metros":16.1,"kilos":7},{"color":"cafe oscuro","metros":16.1,"kilos":7},{"color":"beige","metros":16.1,"kilos":7}]'::jsonb, 48.3, 5.71, 275.793, 'pendiente', null, '1782751862613.7446');
insert into prod_pedidos_tela (id, nombre_tela, fecha_pedido, unidad, rendimiento, ancho_pedido, ancho_real, proveedor_id, prenda_id, colores, total_metros, valor_metro, total_pagar, estado, fecha_entrega_real, legacy_id) values ('6ef42801-c719-456e-a573-fd174b38951f', 'adelle', '2026-06-29', 'kilos', 1.8, 170, null, '92b81361-c37b-401b-99b0-9d32ff9a0b73', 'aeab645a-8253-4ea2-99f7-cf974adeb926', '[{"color":"verde","metros":12.6,"kilos":7},{"color":"blanco amarillo","metros":12.6,"kilos":7},{"color":"beige","metros":12.6,"kilos":7}]'::jsonb, 37.800000000000004, 4.73, 178.79400000000004, 'pendiente', null, '1782751966345.53');
insert into prod_cortes (id, pedido_id, fecha, maquiladora_id, colores, total_unidades, metros_consumidos, observaciones, legacy_id) values ('aa1d2ee6-2dec-4fae-bc51-9aaa76a6e933', '4a8a609c-1833-4ffd-aac5-72bce004d787', '2026-05-20', null, '[{"color":"Negro","tallas":{"L":4,"M":4,"S":6},"unidades":14,"metros_usados":null},{"color":"Crudo","tallas":{"L":4,"M":4,"S":8},"unidades":16,"metros_usados":null},{"color":"Kaki","tallas":{"L":4,"M":4,"S":6},"unidades":14,"metros_usados":null},{"color":"Rosa","tallas":{"L":4,"M":4,"S":5},"unidades":13,"metros_usados":null},{"color":"Avena","tallas":{"L":4,"M":4,"S":5},"unidades":13,"metros_usados":null},{"color":"Celeste","tallas":{"L":4,"M":4,"S":5},"unidades":13,"metros_usados":null}]'::jsonb, 83, null, '', '1779302114934.0867');
insert into prod_maquilas (corte_id, maquiladora_id, costo_unitario, colores, total_unidades, legacy_id) values ('aa1d2ee6-2dec-4fae-bc51-9aaa76a6e933', null, 1.5, '[{"color":"Negro","tallas":{"L":4,"M":4,"S":6},"unidades":14,"estado":"entregado","fecha_envio":"2026-05-18","fecha_entrega":"2026-05-20","procesado":false},{"color":"Crudo","tallas":{"L":4,"M":4,"S":8},"unidades":16,"estado":"entregado","fecha_envio":"2026-05-18","fecha_entrega":"2026-05-20","procesado":false},{"color":"Kaki","tallas":{"L":4,"M":4,"S":6},"unidades":14,"estado":"entregado","fecha_envio":"2026-05-18","fecha_entrega":"2026-05-20","procesado":false},{"color":"Rosa","tallas":{"L":4,"M":4,"S":5},"unidades":13,"estado":"entregado","fecha_envio":"2026-05-18","fecha_entrega":"2026-05-20","procesado":false},{"color":"Avena","tallas":{"L":4,"M":4,"S":5},"unidades":13,"estado":"entregado","fecha_envio":"2026-05-18","fecha_entrega":"2026-05-20","procesado":false},{"color":"Celeste","tallas":{"L":4,"M":4,"S":5},"unidades":13,"estado":"entregado","fecha_envio":"2026-05-18","fecha_entrega":"2026-05-20","procesado":false}]'::jsonb, 83, '1779302114935.5369');
commit;
